490-GRT21BD72A225KE13KCT-ND,3
445-8239-1-ND,1
490-12263-1-ND,5
490-10458-1-ND,16
490-4782-1-ND,1
490-12273-1-ND,1
445-9028-1-ND,2
490-12245-1-ND,4
P124108CT-ND,1
1276-6796-1-ND,2
399-6830-1-ND,2
1516-1217-1-ND,1
1516-QBLP595-AG1CT-ND,1
1516-1219-1-ND,1
F5832CT-ND,1
NSR20F40NXT5GOSCT-ND,2
WM7646CT-ND,1
WM26831CT-ND,1
WM7648CT-ND,1
WM7893CT-ND,1
609-10152803-00011LFCT-ND,1
283-4694-1-ND,1
296-38914-1-ND,1
1712-RA73F2A2K32BTDCT-ND,1
P64.9LCT-ND,1
P150LCT-ND,1
P2.2JCT-ND,1
RMCF0402FT47R0CT-ND,4
2037-VSRP1206S1-R150FCT-ND,2
P15.0LCT-ND,8
311-10KJRCT-ND,1
P5.1KJCT-ND,2
P27JCT-ND,2
311-1.00KLRCT-ND,2
732-7060-1-ND,1
296-47662-1-ND,1
296-24157-1-ND,2
505-TMC5160A-WA-ND,1
MAX6816EUS+TCT-ND,1
1727-BUK7D36-60EXCT-ND,8
2648-SC0914(13)CT-ND,1
W25Q128JVPIQ-ND,1
XC2195CT-ND,1
535-ABM8-272-T3CT-ND,1
